Title,Authors,Published Year,Library,Publication,Thematic Group,Musical Group,Musical Sub-Group,Review/Theoretical,Human Subject Method,Visually Disabled
Online Map Interface for Creative and Interactive,"Park, Sihwa; Kim, Seunghun; Lee, Samuel; Yeo, Woon Seung",2010,Zenodo,NIME,art-nature,experiential,for practice-comp,,,
VR-RoBoser : Real-Time Adaptive Sonification of Virtual Environments Based on Avatar Behavior,"le Groux, Sylvain; Manzolli, Jonatas; Verschure, Paul F.",2007,Zenodo,NIME,art-space,experiential,for practice-comp,,,
Soundstone: A 3-D Wireless Music Controller,"Bowen, Adam",2005,Zenodo,NIME,art-movement,experiential,for practice-perfom,,,
The Elbow Piano : Sonification of Piano Playing Movements,"Hadjakos, Aristotelis; Aitenbichler, Erwin; Mühlhäuser, Max",2008,Zenodo,NIME,art-movement,experiential,both-perform,,x,
Music and Musical Sonification for the Rehabilitation of Parkinsonian Dysgraphia: Conceptual Framework,"Véron-Delor, Lauriane; Pinto, Serge; Eusebio, Alexandre; Velay, Jean-Luc; Danna, Jérémy",2017,Springer,CMMR,medicine-movement,theoretical,zero-one(par),theoretical,,
Sonification and music as support to the communication of alcohol-related health risks to young people: Study design and results,"Walus, Bartlomiej P.; Pauletto, Sandra; Mason-Jones, Amanda",2016,Springer,J. Multimodal User Interfaces,medicine-vision,non-specified,,,x,
Algorithmic approach to sonification of classical Chinese poetry,"Huang, Chih-Fang; Lu, Hsiang-Pin; Ren, Jenny",2012,Springer,Multimed. Tools Appl.,art,theoretical,two,,x,
Movement sonification expectancy model: leveraging musical expectancy theory to create movement-altering sonifications,"Newbold, Joseph; Gold, Nicolas E.; Bianchi-Berthouze, Nadia",2020,Springer,J. Multimodal User Interfaces,movement,theoretical,two,,x,
Complex and Dynamic Data Representation by Sonification,"Chemseddine, Maher; Noirhomme-Fraiture, Monique",2008,Springer,HCIS,emotion,theoretical,one(par)-two,,x,
Flood Tide: sonification as musical performance-an audience perspective,"Eacott, John",2012,Springer,AI Soc.,art,experiential,both-perform,,x,
Musical Vision: an interactive bio-inspired sonification tool to convert images into music,"Polo, Antonio; Sevillano, Xavier",2019,Springer,J. Multimodal User Interfaces,art-vision,theoretical-experiential,two-for practice-comp,,x,
The SoundBike: musical sonification strategies to enhance cyclists' spontaneous synchronization to external music,"Maes, Pieter-Jan; Lorenzoni, Valerio; Six, Joren",2019,Springer,J. Multimodal User Interfaces,medicine-movement,theoretical-experiential,zero-one(par)-by practice-comp,,x,
Personalised interactive sonification of musical performance data,"Wolf, KatieAnna E.; Fiebrink, Rebecca",2019,Springer,J. Multimodal User Interfaces,art,experiential,for practice-perfom,,x,
Perceptual Evaluation of Blended Sonification of Mechanical Robot Sounds Produced by Emotionally Expressive Gestures: Augmenting Consequential Sounds to Improve Non-verbal Robot Communication,"Frid, Emma; Bresin, Roberto",2022,Springer,Int. J. Soc. Robot.,emotion,non-specified-theoretical,,,x,
ECG sonification to support the diagnosis and monitoring of myocardial infarction,"Aldana Blanco, Andrea Lorena; Grautoff, Steffen; Hermann, Thomas",2020,Springer,J. Multimodal User Interfaces,medicine,theoretical,zero-one(ver),,x,
Hand rehabilitation with sonification techniques in the subacute stage of stroke,"Raglio, Alfredo; Panigazzi, Monica; Colombo, Roberto; Tramontano, Marco; Iosa, Marco; Mastrogiacomo, Sara; Baiardi, Paola; Molteni, Daniele; Baldissarro, Eleonora; Imbriani, Chiara; Imarisio, Chiara; Eretti, Laura; Hamedani, Mehrnaz; Pistarini, Caterina; Imbriani, Marcello; Mancardi, Gian Luigi; Caltagirone, Carlo",2021,Springer,Sci. Rep.,medicine-movement,theoretical,two,,x,
Aesthetic strategies in sonification,"Grond, Florian; Hermann, Thomas",2012,Springer,AI Soc.,design,non-specified,,theoretical,,
PhysioSonic - Evaluated Movement Sonification as Auditory Feedback in Physiotherapy,"Vogt, Katharina; Pirrò, David; Kobenz, Ingo; Höldrich, Robert; Eckel, Gerhard",2009,Springer,CMMR,medicine-movement,non-specified,,,x,
Sound/tracks: artistic real-time sonification of train journeys,"Knees, Peter; Pohle, Tim; Widmer, Gerhard",2012,Springer,J. Multimodal User Interfaces,art-nature-vision,theoretical,two,,,
Advantages of melodic over rhythmic movement sonification in bimanual motor skill learning,"Dyer, J. F.; Stapleton, P.; Rodger, M. W. M.",2017,Springer,Exp. Brain Res.,movement,theoretical,zero-one(par),,x,
Aspects of Auditory Perception and Cognition for Usable Display Resolution in Data Sonification,"Kildal, Johan",2009,Springer,INTERACT,vision,theoretical,zero-one(ver),theoretical,,
Transposing musical skill: sonification of movement as concurrent augmented feedback enhances learning in a bimanual task,"Dyer, John; Stapleton, Paul; Rodger, Matthew",2017,Springer,Psychol. Res.,movement,theoretical,zero-one(par),,x,
Dataset and semantic based-approach for image sonification,"Toffa, O. K.; Mignotte, M.",2023,Springer,Multimed. Tools Appl.,medicine-vision,theoretical,zero,,,x
Sonification of Information Security Incidents in an Organization Using a Multistep Cooperative Game Model,"Vishnevsky, Andrey; Abbas, Nadezda",2022,Springer,WorldCIST,vision,theoretical-experiential,two-by practice-comp,,,
Sonification supports perception of brightness contrast,"Rönnberg, Niklas",2019,Springer,J. Multimodal User Interfaces,vision,theoretical,zero-one(ver),,x,
Auditory Feedback for Brain Computer Interface Management - An EEG Data Sonification Approach,"Rutkowski, Tomasz M.; Vialatte, Francois; Cichocki, Andrzej; Mandic, Danilo P.; Barros, Allan Kardec; Gabrys, Bogdan; Howlett, Robert J.; Jain, Lakhmi C.",2006,Springer,KES,nature,theoretical,zero-one(par),,x,
Design and validation of an auditory biofeedback system for modification of running parameters,"Lorenzoni, Valerio; Van Den Berghe, Pieter; Maes, Pieter-Jan; De Bie, Tijl; De Clercq, Dirk; Leman, Marc",2019,Springer,J. Multimodal User Interfaces,movement,theoretical,zero,,x,
An auditory display tool for DNA sequence analysis,"Temple, Mark D.",2017,Springer,BMC Bioinform.,nature,theoretical,one(par)-two,,,
Considerations for Developing Sound in Golf Putting Experiments,"O'Brien , Benjamin; Juhas, Brett; Bienkiewicz, Marta; Pruvost, Laurent; Buloup, Frank; Bringnoux, Lionel; Bourdin, Christophe",2017,Springer,CMMR,movement,theoretical,zero,,x,
"SoundSight: a mobile sensory substitution device that sonifies colour, distance, and temperature","Hamilton-Fletcher, Giles; Alvarez, James; Obrist, Marianna; Ward, Jamie",2022,Springer,J. Multimodal User Interfaces,medicine-vision,theoretical,zero-one(par),,x,x
Observation of sonified movements engages a basal ganglia frontocortical network,"Schmitz, Gerd; Mohammadi, Bahram; Hammer, Anke; Heldmann, Marcus; Samii, Amir; Münte, Thomas F; Effenberg, Alfred O",2013,Springer,BMC Neurosci.,medicine-movement,theoretical,zero,,x,
Sound Design for Affective Interaction,"DeWitt, Anna; Bresin, Roberto",2007,Springer,ACII,design-emotion,theoretical,zero-one(par),theoretical,,
Effects of (music-based) rhythmic auditory cueing training on gait and posture post-stroke: A systematic review & dose-response meta-analysis,"Ghai, Shashank; Ghai, Ishan",2019,Springer,Sci. Rep.,medicine-movement,,,review,,
Musical Auditory Alpha Wave Neurofeedback: Validation and Cognitive Perspectives,"Takabatake, Kazuhiko; Kunii, Naoto; Nakatomi, Hirofumi; Shimada, Seijiro; Yanai, Kei; Takasago, Megumi; Saito, Nobuhito",2021,Springer,AAPB,medicine-nature,non-specified-theoretical,,,x,
Lyricon (Lyrics + Earcons) Improves Identification of Auditory Cues,"Sun, Yuanjing; Jeon, Myounghoon; Marcus, Aaron",2015,Springer,DUXU,design,theoretical,zero-one(par),,x,
Auditory display for fluorescence-guided open brain tumor surgery,"Black, David; Hahn, Horst K.; Kikinis, Ron; Wårdell, Karin; Haj-Hosseini, Neda",2018,Springer,IJCARS,medicine-vision,theoretical,zero,,x,
Blind Navigation along a Sinuous Path by Means of the See ColOr Interface,"Bologna, Guido; Deville, Benoît; Pun, Thierry; Mira, José; Ferrández, José Manuel; Álvarez, José R.; De La Paz, Félix; Toledo, F. Javier",2009,Springer,IWINAC,medicine-space,theoretical,zero,,x,x
Music Training Interface for Visually Impaired through a Novel Approach to Optical Music Recognition,"Kiriella, Dawpadee B.; Kumari, Shyama C.; Ranasinghe, Kavindu C.; Jayaratne, Lakshman",2014,Springer,GSTF JoC,medicine,theoretical,zero-one(par),,x,x
How Can Multimedia Designers Utilize Timbre?,"Rigas, Dimitrios I.; Alty, James L.; Johnson, Hilary; Nigay, Lawrence; Roast, Christopher",1998,Springer,BCS HCI,design,theoretical,zero,,x,
Auditory Brain-Computer/Machine-Interface Paradigms Design,"Rutkowski, Tomasz M.; Cooper, Eric W.; Kryssanov, Victor V.; Ogawa, Hitoshi; Brewster, Stephen",2011,Springer,HAID,nature-space,,,review,,
Using sonification,"Barrass, Stephen; Kramer, Gregory",1999,Springer,Multimed. Syst.,design,,,review,,
Surgical soundtracks: automatic acoustic augmentation of surgical procedures,"Matinfar, Sasan; Nasseri, M. Ali; Eck, Ulrich; Kowalsky, Michael; Roodaki, Hessam; Navab, Navid; Lohmann, Chris P.; Maier, Mathias; Navab, Nassir",2018,Springer,IJCARS,medicine-vision,non-specified,,,x,
Sonifying Twitter's Emotions Through Music,"Seiça, Mariana; Lopes, Rui; Martins, Pedro; Cardoso, F. Amílcar; Aramaki, Mitsuko; Davies, Matthew E. P.; Kronland-Martinet, Richard; Ystad, Sølvi",2017,Springer,CMMR,emotion,theoretical,two,,x,
Mapping for meaning: the embodied sonification listening model and its implications for the mapping problem in sonic information design,"Roddy, Stephen; Bridges, Brian",2020,Springer,J. Multimodal User Interfaces,design,theoretical,two,theoretical,,
Auditory Displays in Human-Machine Interfaces of Mobile Robots for Non-Speech Communication with Humans,"Johannsen, Gunnar",2001,Springer,JINT,movement-space,theoretical,zero-one(par),,x,
Sparse Bump Sonification: A New Tool for Multichannel EEG Diagnosis of Mental Disorders; Application to the Detection of the Early Stage of Alzheimer's Disease,"Vialatte, François B.; Cichocki, Andrzej",2006,IEEE,ICONIP,medicine-nature-vision,theoretical,zero-one(par),,x,
The Influence of Audible Alarm Loudness and Type on Clinical Multitasking,"Bruder, Alexandra L.; Rothwell, Clayton D.; Fuhr, Laura I.; Shotwell, Matthew S.; Edworthy, Judy Reed; Schlesinger, Joseph J.",2022,IEEE,J. Med. Syst.,medicine,theoretical,zero,,x,
AudioBrowser: a mobile browsable information access for the visually impaired,"Chen, Xiaoyu; Tremaine, Marilyn; Lutz, Robert; Chung, Jae-woo; Lacsina, Patrick",2006,IEEE,Univers. Access Inf. Soc.,medicine,theoretical,zero,,x,x
A sonification system based on geographic and meteorologic data,"Huang, Chih-Fang; Nien, Wei-Po",2015,IEEE,UMEDIA,art-emotion-nature,theoretical,two,,x,
Robot Gesture Sonification to Enhance Awareness of Robot Status and Enjoyment of Interaction,"Zahray, Lisa; Savery, Richard; Syrkett, Liana; Weinberg, Gil",2020,IEEE,IEEE RO-MAN,emotion-movement,theoretical,zero-one(par),,x,
The SonicHand Protocol for Rehabilitation of Hand Motor Function: A Validation and Feasibility Study,"Colombo, R.; Raglio, A.; Panigazzi, M.; Mazzone, A.; Bazzini, G.; Imarisio, C.; Molteni, D.; Caltagirone, C.; Imbriani, M.",2019,IEEE,IEEE T NEUR SYS REH,medicine-movement,theoretical,one(par)-two,,x,
Can simple error sonification in combination with music help improve accuracy in upper limb movements?,"Dailly, Anabel Immoos; Sigrist, Roland; Kim, Yeongmi; Wolf, Peter; Erckens, Hendrik; Cerny, Joachim; Luft, Andreas; Gassert, Roger; Sulzer, James",2012,IEEE,IEEE BioRob,medicine-movement,non-specified-theoretical,,,x,
ARCHIMUSIC3D: Multimodal Playful Transformations between Music and Refined Urban Architectural Design,"Giariskanis, Fotis; Parthenios, Panagiotis; Mania, Katerina",2019,IEEE,VS-Games,space,theoretical,zero-one(par),,x,
Effects of Interactive Sonification on Emotionally Expressive Walking Styles,"Turchet, Luca; Bresin, Roberto",2015,IEEE,IEEE Trans. Affect. Comput,emotion-medicine-movement,theoretical,zero-one(par),,x,
An approach for image sonification,"Matta, S.; Kumar, D.K.; Yu, Xinghuo; Burry, M.",2004,IEEE,ISCCSP,vision,theoretical,zero-one(par),,x,
Detection of obstructive sleep apnea through auditory display of heart rate variability,"Ballora, M.; Pennycook, B.; Ivanov, P.Ch.; Goldberger, A.; Glass, L.",2000,IEEE,Comput. Cardiol.,medicine-nature,theoretical,zero-one(par),,,
Consumption as a Rhythm: A Multimodal Experiment on the Representation of Time-Series,"Maçãs, Catarina; Martins, Pedro; Machado, Penousal",2018,IEEE,IV,vision,theoretical,zero-one(par),,,
Ranking of Regional Blogs by Suitability for Sonification,"Kori, H.; Tezuka, T.; Tanaka, K.",2006,IEEE,ICDEW,nature,non-specified,,,,
Sound and meaning in auditory data display,"Hermann, T.; Ritter, H.",2004,IEEE,Proc. IEEE,design,theoretical,zero-one(par),theoretical,,
A testbed for auralization of graphic art,"Osmanovic, N.; Hrustemovic, N.; Myler, H.R.",2003,IEEE,IEEE Region 5 Annual Technical Conference,art-medicine,theoretical,zero-one(par),,,x
"Experiments in using structured musical sound, synthesised speech and environmental stimuli to communicate information: is there a case for integration and synergy?","Rigas, D.; Memery, D.; Yu, H.",2001,IEEE,ISIMP,design,theoretical,zero-one(par),,x,
Sonification for Conveying Data and Emotion,"Rönnberg, Niklas",2021,ACM,Audio Mostly,emotion-vision,theoretical,two,,x,
Using sonification for mining time series data,"Last, Mark; Gorelik, Anna",2008,ACM,ACM SIGKDD,medicine,theoretical,zero-one(par),,x,x
Graphic-to-Sound Sonification for Visual and Auditory Communication Design,"Joo, Woohun",2022,ACM,Audio Mostly,art,theoretical,zero-one(par),,x,
Datascaping: Data Sonification as a Narrative Device in Soundscape Composition,"Pigrem, Jon; Barthet, Mathieu",2017,ACM,Audio Mostly,art-space,theoretical-experiential,zero-one(par)-for practice-comp,,x,
Evaluating micro-guidance sonification methods in manual tasks for Blind and Visually Impaired people,"Guarese, Renan; Zambetta, Fabio; van Schyndel, Ron",2023,ACM,OzCHI,medicine-space,theoretical,zero-one(ver),,x,x
Sound/tracks: real-time synaesthetic sonification and visualisation of passing landscapes,"Pohle, Tim; Knees, Peter; Widmer, Gerhard",2008,ACM,ACM MM,nature-space-vision,theoretical,zero-one(par),,,
Boiling Mind: Amplifying the Audience-Performer Connection through Sonification and Visualization of Heart and Electrodermal Activities,"Sugawa, Moe; Furukawa, Taichi; Chernyshov, George; Hynds, Danny; Han, Jiawen; Padovani, Marcelo; Zheng, Dingding; Marky, Karola; Kunze, Kai; Minamizawa, Kouta",2021,ACM,ACM TEI,art-nature-vision,theoretical-experiential,zero-for practice-perform,,x,
Can You Hear My Heartbeat?: Hearing an Expressive Biosignal Elicits Empathy,"Winters, R. Michael; Walker, Bruce N.; Leslie, Grace",2021,ACM,CHI,emotion-nature-vision,theoretical,zero-one(par),,x,
Educational audio game design: sonification of the curriculum through a role-playing scenario in the audio game 'Kronos',"Rovithis, Emmanouel; Mniestris, Andreas; Floros, Andreas",2014,ACM,Audio Mostly,vision,theoretical-experiential,zero-one(both)-by practice-comp,,,
Ambient Rhythm: Melodic Sonification of Status Information for IoT-enabled Devices,"Chernyshov, George; Chen, Jiajun; Lai, Yenchin; Noriyasu, Vontin; Kunze, Kai",2016,ACM,IoT,space,theoretical,zero-one(par),,x,
AUXie: initial evaluation of a blind-accessible virtual museum tour,"Dulyan, Aram; Edmonds, Ernest",2010,ACM,OzCHI,medicine-space,non-specified,,,x,x
Use of auditory cues for wayfinding assistance in virtual environment: music aids route decision,"Dodiya, Janki; Alexandrov, Vassil N.",2008,ACM,ACM VRST,space-vision,non-specified,,,,
Auditory feedback in an interactive rhythmic tutoring system,"Jylhä, Antti; Erkut, Cumhur",2011,ACM,Audio Mostly,vision,theoretical,zero-one(par),,x,
Assessing the efficacy of a mixed-modal auditory display system for enhancing auditory sensation,"Kim, Si-Jung; Thangjitham, Jennifer; Winchester, Woodrow",2009,ACM,ACM SE,vision,non-specified,,,x,
Felt Sense through Auditory Display: A Design Case Study into Sound for Somatic Awareness while Walking,"Feltham, Frank; Loke, Lian",2017,ACM,C&C,movement,theoretical,zero-one(par),,x,
Annotation-based video enrichment for blind people: a pilot study on the use of earcons and speech synthesis,"Encelle, Benoît; Ollagnier-Beldame, Magali; Pouchot, Stéphanie; Prié, Yannick",2011,ACM,ACM ASSETS,medicine,theoretical,zero,,x,x
A biofeedback music-sonification system for gait retraining,"Lorenzoni, Valerio; Maes, Pieter-Jan; Van den Berghe, Pieter; De Clercq, Dirk; de Bie, Tijl; Leman, Marc",2018,ACM,MOCO,movement,non-specified,,,x,
Musical Elements in Sonification Support Visual Perception,"Ronnberg, Niklas",2019,ACM,ECCE,vision,theoretical,two,,x,
A serious games platform for validating sonification of human full-body movement qualities,"Kolykhalova, Ksenia; Alborno, Paolo; Camurri, Antonio; Volpe, Gualtiero",2016,ACM,MOCO,movement,non-specified,,,x,
CardioSounds: Real-time Auditory Assistance for Supporting Cardiac Diagnostic and Monitoring,"Blanco, Andrea Lorena Aldana; Grautoff, Steffen; Hermann, Thomas",2017,ACM,Audio Mostly,medicine-vision,theoretical,zero-one(par),,,
An auditory interface for realtime brainwave similarity in dyads,"Winters, R. Michael; Koziej, Stephanie",2020,ACM,Audio Mostly,nature,non-specified,,,x,
Motor Variability in Complex Gesture Learning: Effects of Movement Sonification and Musical Background,"Liu, Wanyu; Magalhaes, Michelle Agnes; Mackay, Wendy E.; Beaudouin-Lafon, Michel; Bevilacqua, Frédéric",2022,ACM,ACM Tap,movement,theoretical-experiential,zero-one(par)-by practice-comp,,x,
Sounds of Health: Using Personalized Sonification Models to Communicate Health Information,"Clark, Matthew; Doryab, Afsaneh",2023,ACM,Proc. ACM Interact. Mob. Wearable Ubiquitous Technol.,medicine,theoretical,one(par),,x,
Writing with music: Exploring the use of auditory feedback in gesture interfaces,"Andersen, Tue Haste; Zhai, Shumin",2008,ACM,ACM Tap,movement-vision,non-specified,,,x,
Eyes-Free Art: Exploring Proxemic Audio Interfaces For Blind and Low Vision Art Engagement,"Rector, Kyle; Salmon, Keith; Thornton, Dan; Joshi, Neel; Morris, Meredith Ringel",2017,ACM,Proc. ACM Interact. Mob. Wearable Ubiquitous Technol.,art-medicine-space,theoretical,zero-one(par),,x,x
A Study on User Acceptance of Different Auditory Content for Relaxation,"Yu, Bin; Hu, Jun; Funk, Mathias; Feijs, Loe",2016,ACM,Audio Mostly,emotion-medicine,theoretical,zero-one(par),,x,
Strategies for Auditory Display of Social Media,"Winters, R. Michael; Joshi, Neel; Cutrell, Edward; Morris, Meredith Ringel",2019,SAGE,Ergon. Des.,emotion-vision,non-specified,,,,
Perception of Sonified Daily Weather Records,"Flowers, John H.; Grafel, Douglas C.",2002,SAGE,Proc. Hum. Factors Ergon. Soc.,nature,theoretical,zero-one(par),,x,
Toward a Better Understanding of In-Vehicle Auditory Warnings and Background Noise,"≈†abiƒá, Edin; Chen, Jing; MacDonald, Justin A.",2021,SAGE,Hum. Factors,design,non-specified,,,x,
Do Learned Alarm Sounds Interfere With Working Memory?,"Lacherez, Philippe; Donaldson, Liam; Burt, Jennifer S.",2016,SAGE,Hum. Factors,design,theoretical,zero-one(par),,x,
Spearcons (Speech-Based Earcons) Improve Navigation Performance in Advanced Auditory Menus,"Walker, Bruce N.; Lindsay, Jeffrey; Nance, Amanda; Nakano, Yoko; Palladino, Dianne K.; Dingler, Tilman; Jeon, Myounghoon",2013,SAGE,Hum. Factors,design,theoretical,zero,,x,
A Design for Auditory Display,"Blattner, Meera M",2000,SAGE,Proc. Hum. Factors Ergon. Soc.,design,,,review,,
Music as an Auditory Display: Interaction Effects of Mode and Tempo on Perceived Urgency,"Ho, Anson; Burns, Catherine",2013,SAGE,Proc. Hum. Factors Ergon. Soc.,design,theoretical,one(par)-two,,x,
A Personalized Speech Warning Facilitates Compliance in an Immersive Virtual Environment,"Duarte, Emília; Rebelo, Francisco; Teles, Júllia; Wogalter, Michael S.",2012,SAGE,Proc. Hum. Factors Ergon. Soc.,space-vision,non-specified,,,x,
Auditory alarms for medical equipment: How do we ensure they convey their meanings?,"Sanderson, Penelope M.",2009,SAGE,Proc. Hum. Factors Ergon. Soc.,medicine,,,review,,
Sonification and Acoustic Environments,"Gresham-Lancaster, Scot; Sinclair, Peter",2012,JSTOR,LMJ,design,,,review,,
Heart Rate Sonification: A New Approach to Medical Diagnosis,"Ballora, Mark; Pennycook, Bruce; Ivanov, Plamen C.; Glass, Leon; Goldberger, Ary L.",2004,JSTOR,Leonardo,medicine,theoretical,zero-one(both),,,
Interactive Spatial Sonification of Multidimensional Data for Composition and Auditory Display,"Barrett, Natasha",2016,JSTOR,Comput. Music J.,art-space,experiential,both-comp,theoretical,,
Sonification of Emotion: Strategies and results from the intersection with music,"Winters, R. Michael; Wanderley, Marcelo M.",2014,Cambridge,Organ. Sound,emotion,theoretical,zero-one(both),,,
Musical sonification supports visual discrimination of color intensity,"Rönnberg, Niklas",2019,T&F,Behav. Inf. Technol.,design-vision,theoretical,zero-one(ver),,x,
From Visual Art to Music: Sonification Can Adapt to Painting Styles and Augment User Experience,"Nadri, Chihab; Anaya, Chairunisa; Yuan, Shan; Jeon, Myounghoon",2022,T&F,Int. J. Hum.-Comput. Interact.,art-vision,theoretical,one(ver)-two,,x,
Paleontological Sonification: Letting Music Bring Fossils to Your Ears,"Ekdale, A. A.; Tripp, Alan C.",2005,T&F,JGE,nature,theoretical,zero-one(par),,x,
Unwind: a musical biofeedback for relaxation assistance,"Yu, Bin; Funk, Mathias; Hu, Jun; Feijs, Loe",2018,T&F,Behav. Inf. Technol.,emotion-medicine,non-specified,,,x,
Sonifying data uncertainty with sound dimensions,"Ballatore, Andrea; Gordon, David; Boone, Alexander P.",2019,T&F,Cartogr. Geogr. Inf. Sci..,design,theoretical,zero-one(both),,x,
Stereo Image Processing Procedure for Vision Rehabilitation,"Balakrishnan, G.; Sainarayanan, G.",2008,T&F,Appl. Artif. Intell.,medicine-space,,,review,,x
Using Sound to Reduce Visual Distraction from In-vehicle Human‚ÄìMachine Interfaces,"Larsson, Pontus; Niemand, Mathias",2015,T&F,Traffic Inj. Prev.,design-vision,theoretical,zero-one(ver),,x,
Access to Mathematics for Visually Disabled Students Through Multimodal Interaction,"Stevens, Robert D.; Edwards, Alistair D.N.; Harling, Philip A.",1997,T&F,Hum Comput Interact ,medicine-vision,theoretical,zero-one(par),,x,x
"Sonification Mappings: Estimating Effectiveness, Polarities, and Scaling in an Online Experiment","Axon, Louise; Goldsmith, Michael; Creese, Sadie",2018,AIP,J. Audio Eng. Soc,design,theoretical,one(both),,x,
Naviton‚ÄîA Prototype Mobility Aid for Auditory Presentation of Three-Dimensional Scenes to the Visually Impaired,"Bujacz, Michal; Skulimowski, Piotr; Strumillo, Pawel",2012,AIP,J. Audio Eng. Soc,medicine-space,theoretical,zero-one(par),,x,x
Modeling the Rowing Stroke Cycle Acoustically,"Schaffert, Nina; Gehret, Reiner; Mattes, Klaus",2012,AIP,J. Audio Eng. Soc,movement,theoretical,zero-one(par),,x,
Spatial Auditory Display in Music Search and Browsing Applications,"Stewart, Rebecca; Sandler, Mark",2012,AIP,J. Audio Eng. Soc,design-space,,,review,,
Audio Semantics: Online Chat Communication in Open Band Participatory Music Performances,"Stolfi, Ariane; Sokolovskis, Janis; Goródscy, Fábio; Iazzetta, Fernando; Barthet, Mathieu",2018,AIP,J. Audio Eng. Soc,art,experiential,both-perform,,x,
A Sonification of Cross-Cultural Differences in Happiness-Related Tweets,"Liew, Kongmeng; Lindborg, PerMagnus",2020,AIP,J. Audio Eng. Soc,emotion,theoretical,zero-one(par),,x,
Auditory Display From The Music Technology Perspective,"Kostek, Bo≈ºena",2013,Georgia tech,ICAD,art,,,review,,
"Mixed speech and non-speech auditory displays: impacts of design, learning, and individual differences in musical engagement","Li, Grace; Walker, Bruce N.",2019,Georgia tech,ICAD,design,experiential,by practice-both,,x,
"Individual Differences and the Field of Auditory Display: Past Research, A Present Study, and an Agenda for the Future","Mauney, Lisa M.; Walker, Bruce N.",2007,Georgia tech,ICAD,design,,,review,,
Music and speech in auditory interfaces: When is one mode more appropriate than another?,"Alty, James L.; Rigas, Dimitrios; Vickers, Paul",2005,Georgia tech,ICAD,design,,,review,,
"Pitch change, sonification, and musical expertise: Which way is up?","Neuhoff, J. G.; Knight, R.; Wayand, J.",2002,Georgia tech,ICAD,design,theoretical-experiential,zero-by practice-both,,x,
Musart: Musical audio transfer function real-time toolkit,"Joseph, A. J.; Lodha, S. K.",2002,Georgia tech,ICAD,design-vision,theoretical,one(par),,,
Expressive Musical Warning Signs,"Fagerlon, Johan",2007,Georgia tech,ICAD,design,experiential,by practice-comp,,x,
Auditory graphs of real-time data,"Childs, Edward",2005,Georgia tech,ICAD,design,theoretical,zero-one(ver),,,
"Examining the learnability of auditory displays: Music, earcons, spearcons, and lyricons","Tislar, Kay; Duford, Zackery; Nelson, Brittany; Peabody, Madeline; Jeon, Myounghoon",2018,Georgia tech,ICAD,design,non-specified,,,x,
Sonification of Emotions II: Live music in a pediatric hospital,"Preti, Constanza; Schubert, Emery",2011,Georgia tech,ICAD,emotion-medicine,experiential,by practice-perform,,x,
MUSE: A musical data sonification toolkit,"Lodha, Suresh K.; Beahan, John; Heppe, Travis; Joseph, Abigail; Zane-Ulman, Brett",1997,Georgia tech,ICAD,design,theoretical,one(par)-two,,,
CAITLIN: A musical problem auralisation tool to assist novice programmers with debugging,"Vickers, Paul; Alty, James L.",1996,Georgia tech,ICAD,vision,theoretical,zero-one(par),,x,
Non-Speech Audio-Semiotics: A Review and Revision of Auditory Icon and Earcon Theory,"Oswald, David",2012,Georgia tech,ICAD,design,,,review,,
Sonification of Emotion I: Film Music,"Schubert, Emery; Ferguson, Sam; Farrar, Natasha; McPherson, Gary E.",2011,Georgia tech,ICAD,emotion,non-specified,,,x,
Converting images to music using their colour properties,"Margounakis, D.; Politis, D.",2006,Georgia tech,ICAD,design-vision,theoretical,zero-one(par),,,
Ambience for Auditory Displays: Embedded Musical Instruments As Peripheral Audio Cues,"Jung, Ralf",2008,Georgia tech,ICAD,design,experiential,by practice-comp,,x,
Exploring 3D audio for brain sonification,"Schmele, Timothy; Gomez, Imanol",2012,Georgia tech,ICAD,nature-space,experiential,both-comp,,,
Photone: Exploring modal synergy in photographic images and music,"Rönnberg, Niklas; Löwgren, Jonas",2018,Georgia tech,ICAD,vision,theoretical,one(both)-two,,,
A perspective on the limited potential for simultaneity in auditory display,"Gossmann, Joachim",2012,Georgia tech,ICAD,design,non-specified,,theoretical,,
Design and Evaluation of Lyricons (Lyrics + Earcons) for Semantic and Aesthetic Improvements of Auditory Cues,"Jeon, Myounghoon; Sun, Yuanjing",2014,Georgia tech,ICAD,design,theoretical,zero,,x,
Sonification with musical characteristics: a path guided by user engagement,"Middleton, Jonathan; Hakulinen, Jaakko; Tiitinen, Katariina; Hella, Juhu; Keskinen, Tuuli; Huuskonen, Pertti; Linna, Juhani; Turunen, Markku; Ziat, Mounia; Raisamo, Roope",2018,Georgia tech,ICAD,design,theoretical,zero-one(par),,x,
An audio game app using interactive Movement sonification for Targeted posture control,"Avissar, Daniel; Leider, Colby; Bennett, Hristopher; Gailey, Robert",2013,Georgia tech,ICAD,movement,theoretical,zero,,,
Evaluating the use of sonification and music to support the communication of alcohol health risk to young people: Initial results,"Walus, Bartlomiej P.; Pauletto, Sandra; Mason-Jones, Amanda",2015,Georgia tech,ICAD,medicine-vision,theoretical-experiential,zero-one(both)-by practice-comp,,x,
Rhetorical Schemes for Audio Communication,"Polotti, Pietro; Benzi, Carlo",2008,Georgia tech,ICAD,design,theoretical,one(par),,x,
Speech companions: Evaluating the effects of musically modulated auditory feedback on the voice,"Kleinberger, Rebecca; George, Stefanakis; Franjou, Sebastian",2019,Georgia tech,ICAD,emotion,theoretical,one(ver)-two,,x,
Sonification Mapping Configurations: Pairings Of Real-Time Exhibits And Sound,"Henry, Ashley G.; Bruce, Carrie M.; Winton, Riley J.; Walker, Bruce N.",2013,Georgia tech,ICAD,design-vision,experiential,by practice-comp,,x,
"The design of a smart city sonification system using a conceptual blending and musical framework, web audio and deep learning techniques","Roddy, Stephen; Bridges, Brian",2021,Georgia tech,ICAD,space,theoretical,two,,,
madBPM: Musical and Auditory Display for Biological Predictive Modeling,"Fox, K. Michael; Stewart, Jeremy; Hamilton, Rob",2017,Georgia tech,ICAD,art-nature-vision,non-specified,,,,
Tempo-Fit Heart Rate App: Using Heart Rate Sonification As Exercise Performance Feedback,"Landry, Steven; Sun, Yuangjing; Slade, Darnishia; Jeon, Myounghoon",2016,Georgia tech,ICAD,medicine-movement,theoretical,zero,,x,
Sonification of Brain and Body Signals in Collaborative Tasks Using a Tabletop Musical Interface,"Mealla, Sebastian; Bosi, Mathieu; Jorda, Sergi; Valjamae, Aleksander",2011,Georgia tech,ICAD,art-nature-vision,theoretical,zero-one(par),,x,
Sonification Solutions for Body Movements in Rehabilitation of Locomotor Disorders,"Tissberger, Johann P.; Wersenyi, Gyorgy",2011,Georgia tech,ICAD,medicine-movement,theoretical,zero-one(par),,,
Sonification Of A Virtual Model Of The Old Rare Musical Instrument,"Lukasik, Ewa; Materski, Michal",2013,Georgia tech,ICAD,art-space,experiential,both-perform,,,
Personal webmelody: Customized sonification of web servers,"Barra, Maria; Cillo, Tania; de Santis, Antonio; Petrillo, Umberto Ferraro; Negro, Alberto; Scarano, Vittoro; Matlock, Teenie; Maglio, Paul P.",2001,Georgia tech,ICAD,vision,non-specified,,,x,
sMax: A multimodal toolkit for stock market data sonification,"Ciardi, F. C.",2004,Georgia tech,ICAD,vision,theoretical,zero-one(par),,,
Sonification: A Prehistory,"Worrall, David",2018,Georgia tech,ICAD,design,,,review,,
An interface and framework design for interactive aesthetic sonification,"Beilharz, Kirsty; Ferguson, Sam",2009,Georgia tech,ICAD,design-space,theoretical,one(ver)-two,,,
A sonification experience to portray the sounds of portuguese consumption habits,"Seica, Mariana; Martins, Pedro; Roque, Licinio; Cardoso, F. Amilcar",2019,Georgia tech,ICAD,nature,theoretical,zero-one(par),,x,
Tonal DisCo: Dissonance and Consonance in a Gaming Engine,"Nguyen, Vinh Xuan",2011,Georgia tech,ICAD,movement,theoretical,one(ver),,,
Spectral Parameter Encoding: Towards a Framework for Functional-Aesthetic Sonification,"Tsuchiya, Takahiko; Freeman, Jason",2017,Georgia tech,ICAD,design,theoretical,zero-one(ver),theoretical,,
Pairing Colored Socks and Following a Red Serpentine With Sounds of Musical Instruments,"Bologna, Guido; Deville, Benoit; Pun, Thierry",2008,Georgia tech,ICAD,medicine-space,theoretical,zero,,x,x
Educational sonification exercises: Pathways for mathematics and musical achievement,"Upson, R.",2002,Georgia tech,ICAD,vision,theoretical-experiential,zero-one(par)-by practice-comp,,x,
Physiosonic - movement sonification as auditory feedback,"Vogt, Katharina; Pirro, David; Kobenz, Ingo; Höldrich, Robert; Eckel, Gerhard",2009,Georgia tech,ICAD,medicine-movement,non-specified,,,,
Empirical Aesthetic Evaluation Of Sonifications,"Vogt, Katharina; Goudarzi, Visda; Parncutt, Richard",2013,Georgia tech,ICAD,design,non-specified,,,x,
"Individual differences, cognitive abilities, and the interpretation of auditory graphs","Walker, Bruce N.; Mauney, Lisa M.",2004,Georgia tech,ICAD,design,theoretical,zero-one(ver),,x,
Sonification with music for cybersecurity situational awareness,"Falk, Courtney; Dykstra, Josiah",2019,Georgia tech,ICAD,vision,theoretical,two,,,
A metaphor-based technical framework for musical sonification in movement rehabilitation,"Kantan, Prithvi Ravi; Spaich, Erika G.; Dahl, Sofia",2021,Georgia tech,ICAD,medicine-movement,theoretical,one(ver)-two,,,
Musical features modification for less intrusive delivery of popular notification sounds,"Yang, Jing; Roth, Andreas",2021,Georgia tech,ICAD,design,theoretical,one(both),,x,
Sonification of autonomic rhythms in the frequency spectrum of heart rate variability,"Orzessek, B.; Falkner, M.",2006,Georgia tech,ICAD,medicine-nature,theoretical,zero-one(par),,,
"Preliminary guidelines on the sonification of visual artworks: Linking music, sonification & visual arts","Nadri, Chihab; Anaya, Chairunisa; Yuan, Shan; Jeon, Myounghoon",2019,Georgia tech,ICAD,art-medicine-vision,theoretical-experiential,zero-one(par)-by practice-comp,,x,x
Household appliances control device for the elderly,"England, David; Salces, Fausto J. Sainz; Vickers, Paul",2003,Georgia tech,ICAD,design-vision,theoretical,one(par),,x,
To sonify or not to sonify? Educator perceptions of auditory display in interactive simulations,"Fiedler, Brett L.; Walker, Bruce N.; Moore, Emily B.",2021,Georgia tech,ICAD,design-vision,non-specified,,,x,
Auditory display of directions and states for mobile systems,"Johannsen, G.",2002,Georgia tech,ICAD,movement-space,theoretical,zero-one(both),,x,
Musical Exercise for people with visual impairments: A preliminary study with the blindfolded,"Khan, Ridwan Ahmed; Jeon, Myounghoon; Yoon, Tejin",2018,Georgia tech,ICAD,medicine-movement,theoretical,zero-one(par),,x,x
The SysSon platform: A computer music perspective of sonification,"Rutz, Hanns Holger; Vogt, Katharina; Höldrich, Robert",2015,Georgia tech,ICAD,art-nature,experiential,for practice-comp,,x,
Musical Expectancy in Squat Sonification For People Who Struggle With Physical Activity,"Newbold, Joseph W.; Bianchi-Berthouze, Nadia; Gold, Nicolas E.",2017,Georgia tech,ICAD,medicine-movement,theoretical,two,,x,
A study of exploratory analysis in melodic sonification with structural and durational time scales,"Tsuchiya, Takahiko; Freeman, Jason",2018,Georgia tech,ICAD,design,theoretical,one(par),,x,
Interacting with sound: An interaction paradigm for virtual auditory worlds,"Roeber, N.; Masuch, M.",2004,Georgia tech,ICAD,design-space-vision,non-specified,,theoretical,,
Orchestration within the sonification of basic data sets,"Coyle, Eugene; Cullen, C.",2004,Georgia tech,ICAD,design-nature,theoretical,zero-one(both),,,
Data-to-music API: Real-time data-agnostic sonification with musical structure models,"Tsuchiya, Takahiko; Freeman, Jason; Lerner, Lee W.",2015,Georgia tech,ICAD,design,theoretical,two,,,
Using the major and minor mode to create affectively-charged earcons,"Lemmens, Paul M. C.",2005,Georgia tech,ICAD,design,theoretical,one(ver),,x,
Meanings conveyed by simple auditory rhythms,"Palomaki, H.",2006,Georgia tech,ICAD,design,theoretical,zero,,x,
Soccer sonification: Enhancing viewer experience,"Savery, Richard; Ayyagari, Madhukesh; May, Keenan; Walker, Bruce N.",2019,Georgia tech,ICAD,vision,theoretical,zero-one(par),,x,
3DJ: A supercollider framework for real-time sound spatialization,"Perez-Lopez, Andres",2015,Georgia tech,ICAD,design-space,,,review,,
After direct manipulation - direct sonification,"Fernstrom, Mikael; McNamara, Caolan",1998,Georgia tech,ICAD,vision,non-specified,,,x,
The sound of musicons: investigating the design of musically derived audio cues,"McLachlan, Ross; McGee-Lennon, Marilyn; Brewster, Stephen",2012,Georgia tech,ICAD,design,non-specified,,,x,
"Micro-narratives in sound design: Context, character, and caricature in waveform manipulation","Back, Maribeth; Des, D.",1996,Georgia tech,ICAD,design,,,review,,
Mapping inter-cardiovascular time-frequency coherence to harmonic tension in sonification of ensemble interaction between a COVID-19 patient and the medical team,"Frid, Emma; Orini, Michele; Martinelli, Giampaolo; Chew, Elaine",2021,Georgia tech,ICAD,medicine-nature,theoretical,two,,x,
"Auditory notification of customer actions in a virtual retail environment: Sound design, awareness and attention","Falkenberg, Kjetil; Frid, Emma; Eriksson, Martin Ljungdahl; Otterbring, Tobias; Daunfeldt, Sven-Olov",2021,Georgia tech,ICAD,movement-space,non-specified,,,x,
Handheld Device for Substitution From Vision to Audition,"Rouat, Jean; Lescal, Damien; Wood, Sean",2014,Georgia tech,ICAD,vision,theoretical,zero-one(par),,x,x
Sonification of Colour and Depth in a Mobility Aid for Blind People,"Pun, Thierry; Deville, Benoit; Bologna, Guido",2010,Georgia tech,ICAD,medicine-space-vision,theoretical,zero-one(par),,x,x
"The sound of our words: Singling, a textual sonification software","Morales, Esteban; James, Kedrick; Horst, Rachel; Takeda, Yuya; Yung, Effiam",2021,Georgia tech,ICAD,design,theoretical,zero-one(par),,,
From signal to substance and back: Insights from environmental sound research to auditory display design,"Gygi, Brian; Shafiro, Valeriy",2009,Georgia tech,ICAD,design,,,review,,
Sonification Sandbox Reconstruction: Software Standard for Auditory Graphs,"Davison, Benjamin K.; Walker, Bruce N.",2007,Georgia tech,ICAD,design,theoretical,zero-one(par),,,
Musical phrase-structured audio communication,"Hankinson, John CK; Edwards, Alistair DN",2000,Georgia tech,ICAD,design,theoretical,two,,x,
OpenSpace sonification: complementing visualization of the solar system with sound,"Elmquist, Elias; Ejdbo, Malin; Bock, Alexander; Rönnberg, Niklas",2021,Georgia tech,ICAD,nature-vision,theoretical,zero-one(par),,x,
Soundfields and soundscapes: Reifying auditory communities,"McGregor, I.; Crerar, A.; Benyon, D.; Macaulay, C.",2002,Georgia tech,ICAD,space,non-specified-theoretical,,theoretical,,
Learning Rates for Auditory Menus Enhanced with Spearcons Versus Earcons,"Palladino, Dianne K.; Walker, Bruce N.",2007,Georgia tech,ICAD,design,theoretical,zero,,x,
Testing the effectiveness of sonified graphs for education: A programmatic research project,"Bonebright, Terri L.; Nees, Mike A.; Connerley, Tayla T.; McCain, Glenn R.",2001,Georgia tech,ICAD,vision,theoretical,zero-one(par),,x,
Using Auditory Display Techniques to Enhance Decision Making And Perceive Changing Environmental Data Within a 3D Virtual Game Environment,"Broderick, James; Duggan, Jim; Redfern, Sam",2017,Georgia tech,ICAD,space,theoretical,zero-one(par),,x,
Sonification of 3D Scenes Using Personalized Spatial Audio to Aid Visually Impaired Persons,"Bujacz, Michal; Skulimowski, Piotr; Strumillo, Pawel",2011,Georgia tech,ICAD,medicine-space-vision,theoretical,zero-one(par),,x,x
Investigating effective methods of designing sonifications,"Quinton, Michael; McGregor, Iain; Benyon, David",2018,Georgia tech,ICAD,design,non-specified,,theoretical,x,
High-Resolution Analysis and Resynthesis of Environmental Impact Sounds,"Reissel, L. M.; Pai, Dinesh K.",2007,Georgia tech,ICAD,design-space,theoretical,zero-one(par),,,
Humanising data through sound: Res Extensae and a user-centric approach to data sonification,"Lenzi, Sara; Gleria, Francesca",2018,Georgia tech,ICAD,design,non-specified,,theoretical,x,
Sonification of Movement for Motor Skill Learning in a Novel Bimanual Task: Aesthetics and Retention Strategies,"Dyer, John; Stapleton, Paul; Rodger, Matthew",2016,Georgia tech,ICAD,movement,theoretical,two,,x,
CardioSounds: A portable system to sonify ECG rhythm disturbances in real-time,"Aldana Blanco, Andrea Lorena; Grautoff, Steffen; Hermann, Thomas",2018,Georgia tech,ICAD,medicine-vision,theoretical,zero-one(par),,x,
